date,day,platform,post_url,topic,hook_text,views,avg_watch_or_retention,likes,comments,shares,saves,new_followers,community_joins,best_comment,next_action
2026-05-23,1,TikTok,,Hook Reveal,"The desert is not a map. It is the enemy.",,,,,,,,,,
2026-05-23,1,YouTube Shorts,,Hook Reveal,"The Desert Is the Enemy in My Survival Game",,,,,,,,,,
2026-05-23,1,Instagram Reels,,Hook Reveal,"I want the desert to feel alive, dangerous, and changeable.",,,,,,,,,,
2026-05-23,1,X,,Hook Reveal,"What is the first thing a living desert should do to the player?",,,,,,,,,,
2026-05-23,1,Reddit,,Hook Reveal,"What would make this mechanic fun instead of gimmicky?",,,,,,,,,,
2026-05-24,2,TikTok,,Sand Physics,"What if the ground could betray you?",,,,,,,,,,
2026-05-24,2,YouTube Shorts,,Sand Physics,"I Made Sand Matter in a Survival Game",,,,,,,,,,
2026-05-24,2,Instagram Reels,,Sand Physics,"Realistic, chaotic, or game-feel first?",,,,,,,,,,
2026-05-24,2,X,,Sand Physics,"Should sand physics be realistic, chaotic, or game-feel first?",,,,,,,,,,
2026-05-24,2,Reddit,,Sand Physics,"Would you prefer realistic, chaotic, or readable gameplay?",,,,,,,,,,
2026-05-25,3,TikTok,,Root/Shelter Mechanic,"Building means surviving.",,,,,,,,,,
2026-05-25,3,YouTube Shorts,,Root/Shelter Mechanic,"Building Shelter Against Moving Sand",,,,,,,,,,
2026-05-25,3,Instagram Reels,,Root/Shelter Mechanic,"Does this look like shelter, terrain control, or both?",,,,,,,,,,
2026-05-25,3,X,,Root/Shelter Mechanic,"Does this read clearly from the clip?",,,,,,,,,,
2026-05-25,3,Reddit,,Root/Shelter Mechanic,"Does this read clearly without explanation?",,,,,,,,,,
2026-05-26,4,TikTok,,Survival Pressure,"Shade is a survival resource.",,,,,,,,,,
2026-05-26,4,YouTube Shorts,,Survival Pressure,"Shade Is a Survival Resource in My Desert Game",,,,,,,,,,
2026-05-26,4,Instagram Reels,,Survival Pressure,"I want heat to change your decisions, not just drain a bar.",,,,,,,,,,
2026-05-26,4,X,,Survival Pressure,"What is the best punishment for ignoring heat?",,,,,,,,,,
2026-05-26,4,Reddit,,Survival Pressure,"What heat mechanic feels fair but still scary?",,,,,,,,,,
2026-05-27,5,TikTok,,Oasis Relief,"A rare safe moment.",,,,,,,,,,
2026-05-27,5,YouTube Shorts,,Oasis Relief,"Finding Safety in a Desert Survival Game",,,,,,,,,,
2026-05-27,5,Instagram Reels,,Oasis Relief,"Would you make the oasis rare, dangerous, or peaceful?",,,,,,,,,,
2026-05-27,5,X,,Oasis Relief,"Should an oasis be rare, dangerous, or peaceful?",,,,,,,,,,
2026-05-27,5,Reddit,,Oasis Relief,"Should an oasis be mostly safe, or should players still fear something there?",,,,,,,,,,
2026-05-28,6,TikTok,,Hunt/Craft Loop,"Hunt. Craft. Survive.",,,,,,,,,,
2026-05-28,6,YouTube Shorts,,Hunt/Craft Loop,"A 10-Second Survival Crafting Loop",,,,,,,,,,
2026-05-28,6,Instagram Reels,,Hunt/Craft Loop,"I want each crafted item to solve a real desert problem.",,,,,,,,,,
2026-05-28,6,X,,Hunt/Craft Loop,"Does this crafting loop look readable?",,,,,,,,,,
2026-05-28,6,Reddit,,Hunt/Craft Loop,"Does the loop read clearly, or does it need stronger UI/objective feedback?",,,,,,,,,,
2026-05-29,7,TikTok,,Community Choice,"Choose the next survival test.",,,,,,,,,,
2026-05-29,7,YouTube Shorts,,Community Choice,"Choose the Next Feature for My Desert Survival Game",,,,,,,,,,
2026-05-29,7,Instagram Reels,,Community Choice,"Sandstorms, shelter, animals, or oasis?",,,,,,,,,,
2026-05-29,7,X,,Community Choice,"Which survival feature should I improve next?",,,,,,,,,,
2026-05-29,7,Reddit,,Community Choice,"Which would you pick: sandstorms, shelter, animals, or oasis?",,,,,,,,,,
